California,East Bay,39.415170,-121.653860
California,Tracy,37.739870,-121.426180
Tennessee,Johnson City,36.313440,-82.353470
Tennessee,Metropolis Il,35.143130,-85.261620
California,Elk Grove,38.408800,-121.371620
Missouri,Kansas City,39.099730,-94.578570
Missouri,St Louis,38.627270,-90.197890
Missouri,Columbia,38.951710,-92.334070
Missouri,Springfield,37.215330,-93.298240
Missouri,Joplin,37.084230,-94.513280
California,Woodland Hills,34.168340,-118.605920
Missouri,Kansascity,39.099730,-94.578570
Missouri,St Joseph,39.768610,-94.846630
Missouri,Lake Of The Ozarks,38.198640,-92.638800
Missouri,Stlouis,38.627270,-90.197890
Missouri,Southeast Missouri,37.539210,-92.337670
Missouri,Columbia Jeff City,38.951710,-92.334070
Missouri,Kirksville,40.194750,-92.583250
Missouri,Springfieldmo,37.215330,-93.298240
Missouri,Camdenton,38.008090,-92.744630
Missouri,Hattiesburg,37.079770,-91.773480
California,Campbell,37.287170,-121.949960
Missouri,South East Missouri,37.675320,-91.033740
Missouri,Springfield Mo,37.215330,-93.298240
Missouri,Saint Louis,38.797550,-90.785680
Missouri,Southeastmissouri,37.539210,-92.337670
Missouri,Stjoseph,39.768610,-94.846630
Missouri,Berkeley,38.754500,-90.331230
Missouri,Lakeoftheozarks,38.198640,-92.638800
Missouri,Independence,39.091120,-94.415510
Missouri,North Kansas City,39.130000,-94.562180
Missouri,Rolla,37.951430,-91.771270
California,Belmont,37.520210,-122.275800
Missouri,St Louis Nashville,37.374500,-94.490790
Missouri,Platte City Kansas City,39.099730,-94.578570
Missouri,Saint Charles,38.783940,-90.481230
Missouri,Ozarks,37.020890,-93.206020
Missouri,Southeast Mo,38.626700,-90.257000
Louisiana,New Orleans,29.954650,-90.075070
Louisiana,Baton Rouge,30.450750,-91.154550
Louisiana,Lafayette,30.224090,-92.019840
Louisiana,Lake Charles,30.213090,-93.204400
California,Garden Grove,33.773910,-117.941450
Louisiana,Shreveport,32.525150,-93.750180
Louisiana,Neworleans,29.954650,-90.075070
Louisiana,Monroe,32.509310,-92.119300
Louisiana,Batonrouge,30.450750,-91.154550
Louisiana,Alexandria,31.311290,-92.445140
Louisiana,Houma,29.595770,-90.719530
Louisiana,Lakecharles,30.213090,-93.204400
Louisiana,Harvey,29.903540,-90.077290
Louisiana,Portlaois,30.113530,-91.675670
Louisiana,Denham Springs,30.487400,-90.957530
California,Mountain View,38.008810,-122.117460
Louisiana,Evangeline,30.262430,-92.570690
Louisiana,Bossier City,32.515990,-93.732120
Louisiana,Kenner,29.994090,-90.241740
Louisiana,Lafayette La,30.224090,-92.019840
Nevada,Las Vegas,36.174970,-115.137220
Nevada,Reno,39.529630,-119.813800
Nevada,Lasvegas,36.174970,-115.137220
Nevada,Charlotte,41.670740,-115.510630
Nevada,Elko,40.832420,-115.763120
California,Pinole,38.004370,-122.298860
Nevada,Raleigh,39.590190,-119.840750
Nevada,Greensboro,40.036040,-114.747520
Nevada,Wilmington,39.155210,-117.235090
Nevada,Asheville,39.789070,-119.830190
Nevada,Winston Salem,38.913550,-115.060570
Nevada,Hickory,37.596900,-115.224190
Nevada,Boone,38.948260,-117.587600
Nevada,Carson City,39.163800,-119.767400
Nevada,North Las Vegas,36.198860,-115.117500
California,Antioch,38.004920,-121.805790
Alabama,Birmingham,33.520660,-86.802490
Alabama,Huntsville,34.730370,-86.586100
Alabama,Montgomery,32.366810,-86.299970
Alabama,Mobile,30.694360,-88.043050
Alabama,Tuscaloosa,33.209840,-87.569170
Alabama,Auburn,32.609860,-85.480780
Alabama,Gadsden,34.014260,-86.006640
Alabama,Dothan,31.223230,-85.390490
Alabama,Shoals,34.868700,-87.552800
Alabama,Muscle Shoals,34.744810,-87.667530
California,South Pasadena,34.116120,-118.150350
Alabama,Florence,34.799810,-87.677250
Alabama,Birmingham Al,33.520660,-86.802490
Alabama,Huntsville Decatur,34.730370,-86.586100
Alabama,Gadsden Anniston,33.659830,-85.831630
Alabama,Homewood,33.471770,-86.800820
Alabama,Madison,34.699260,-86.748330
Alabama,Mt Brook,31.481830,-86.684970
Alabama,Foley,30.406590,-87.683600
Alabama,Alabama,33.650110,-85.447180
California,San Fernando,34.281950,-118.438970
California,Roseville,38.752120,-121.288010
Alabama,Alessandria,33.773990,-85.885520
Alabama,Florence Muscle Shoals,34.744810,-87.667530
Alabama,Irondale,33.538160,-86.707210
South Carolina,Columbia,34.000710,-81.034810
South Carolina,Charleston,32.776570,-79.930920
South Carolina,Greenville,34.852620,-82.394010
South Carolina,Myrtle Beach,33.689060,-78.886690
South Carolina,Florence,34.195430,-79.762560
South Carolina,Hilton Head,34.137090,-81.306210
California,Berkeley,37.871590,-122.272750
South Carolina,West Columbia,33.993490,-81.073980
South Carolina,North Charleston,32.854620,-79.974810
South Carolina,North Myrtle Beach,33.816010,-78.680020
South Carolina,Hilton Head Island,32.193820,-80.738160
South Carolina,Spartanburg,34.949570,-81.932050
South Carolina,Columbia Sc,34.000710,-81.034810
South Carolina,Anderson,34.503440,-82.650130
South Carolina,N Myrtle Beach,33.689060,-78.886690
Connecticut,Hartford,41.763710,-72.685090
California,Corona,33.875290,-117.566440
Connecticut,New Haven,41.308150,-72.928160
Connecticut,Eastern Connecticut,41.252870,-73.297340
Connecticut,New London,41.355650,-72.099520
Connecticut,Northwest Connecticut,41.776850,-73.079220
Connecticut,Fairfield,41.141210,-73.263730
Connecticut,Bridgeport,41.167040,-73.204830
Connecticut,Northwest Ct,41.776850,-73.079220
Connecticut,Stamford,41.053430,-73.538730
Connecticut,East Hartford,41.782320,-72.612030
Connecticut,Eastern Ct,41.252870,-73.297340
California,San Ramon,37.779930,-121.978020
Connecticut,Danbury,41.394820,-73.454010
Connecticut,Waterbury,41.558150,-73.051500
Connecticut,East Haven,41.276210,-72.868430
Connecticut,Meriden,41.538150,-72.807040
Connecticut,Newington,41.697880,-72.723710
Connecticut,Uncasville,41.434540,-72.109800
Connecticut,Milford,41.222320,-73.056500
Connecticut,North Westchester,41.580930,-72.401200
Connecticut,Norwich,41.524260,-72.075910
Connecticut,Torrington,41.800650,-73.121220
California,Burlingame,37.584100,-122.366080
Maryland,Baltimore,39.290380,-76.612190
Maryland,Frederick,39.414270,-77.410540
Maryland,Annapolis,38.978450,-76.492180
Maryland,Western Maryland,39.515110,-76.679420
Maryland,Eastern Shore,38.486230,-76.497170
Maryland,Cumberland Valley,39.652870,-78.762520
Maryland,Southern Md,38.300950,-75.488530
Maryland,Easternshore,38.486230,-76.497170
Maryland,Cumberland,39.652870,-78.762520
California,Pismo Beach,35.142750,-120.641280
Maryland,Westernmaryland,39.137610,-77.413600
Maryland,Hagerstown,39.641760,-77.719990
Maryland,Madrid,39.292890,-76.519410
Maryland,Westernport,39.485370,-79.044750
Maryland,Laurel,39.099280,-76.848310
Maryland,Rockville,39.084000,-77.152760
Maryland,Columbia,39.240380,-76.839420
Maryland,Cumberlandvalley,39.652870,-78.762520
Maryland,Oxon Hill,38.803450,-76.989700
Maryland,Silver Spring,38.990670,-77.026090
California,Ranch Cucamonga,34.106400,-117.593110
Maryland,Maryland,39.292890,-76.519410
Maryland,Western Md,39.515110,-76.679420
Maryland,Gaithersburg,39.143440,-77.201370
Maryland,Hyattsville,38.955940,-76.945530
Maryland,Rosedale,39.320110,-76.515520
Maryland,Waldorf,38.624560,-76.939140
Maryland,Bel Air,39.535940,-76.348290
Maryland,Bethesda,38.980670,-77.100260
Maryland,Catonsville,39.272050,-76.731920
Maryland,Dundalk,39.250660,-76.520520
California,Pleasant Hill,37.947980,-122.060800
Maryland,Forestville,38.845110,-76.874970
Maryland,Lanham,38.967060,-76.861920
Maryland,Linthicum,39.205110,-76.652750
Maryland,Towson,39.401500,-76.601910
Wisconsin,Milwaukee,43.038900,-87.906470
Wisconsin,Madison,43.073050,-89.401230
Wisconsin,Racine,42.726130,-87.782850
Wisconsin,Green Bay,44.519160,-88.019830
Wisconsin,Appleton,44.261930,-88.415380
California,San Bruno,37.630490,-122.411080
Wisconsin,Wausau,44.959140,-89.630120
Wisconsin,Janesville,42.682790,-89.018720
Wisconsin,Sheboygan,43.750830,-87.714530
Wisconsin,La Crosse,43.801360,-91.239580
Wisconsin,Eauclaire,44.811350,-91.498490
Wisconsin,Eau Claire,44.811350,-91.498490
Wisconsin,Greenbay,44.519160,-88.019830
Wisconsin,Morgantown,44.793880,-88.190100
Wisconsin,Martinsburg,43.180270,-89.590120
Wisconsin,Lacrosse,43.801360,-91.239580
California,Sherman Oaks,34.151120,-118.449250
Wisconsin,Charleston,43.969710,-88.170100
Wisconsin,Huntington,45.191910,-92.558810
Wisconsin,Wheeling,45.044410,-91.908790
Wisconsin,Kenosha,42.584740,-87.821190
Wisconsin,Parkersburg,43.272200,-90.837630
Wisconsin,Surroundig Milwaukee,43.038900,-87.906470
Wisconsin,Sparta,43.944130,-90.812910
Wisconsin,Waukeshs,43.011680,-88.231480
Oregon,Portland,45.523450,-122.676210
California,Ventura,34.278340,-119.293170
California,Carmichael,38.617130,-121.328280
Oregon,Eugene,44.052070,-123.086750
Oregon,Salem,44.942900,-123.035100
Oregon,Medford,42.326520,-122.875590
Oregon,Bend,44.058170,-121.315310
Oregon,Corvallis,44.564570,-123.262040
Oregon,Roseburg,43.216500,-123.341740
Oregon,Oregon Coast,45.955130,-118.397470
Oregon,East Oregon,43.363720,-124.192890
Oregon,Klamath Falls,42.224870,-121.781670
Oregon,Oregoncoast,45.527620,-122.912050
California,Yuba City,39.140450,-121.616910
Oregon,Eastoregon,43.363720,-124.192890
Oregon,Beaverton,45.487060,-122.803710
Oregon,Clackamas,45.407620,-122.570370
Oregon,Lake Oswego,45.420670,-122.670650
Indiana,Indianapolis,39.768380,-86.158040
Indiana,South Bend,41.683380,-86.250010
Indiana,Fort Wayne,41.130600,-85.128860
Indiana,Evansville,37.974760,-87.555850
Indiana,Bloomington,39.165330,-86.526390
California,El Cerrito,37.915760,-122.311640
Indiana,Richmond,39.828940,-84.890240
Indiana,Muncie,40.193380,-85.386360
Indiana,Lafayette,40.416700,-86.875290
Indiana,Terre Haute,39.466700,-87.413910
Indiana,Kokomo,40.486430,-86.133600
Indiana,Ft Wayne,39.887830,-84.925520
Indiana,Southbend,41.683380,-86.250010
Indiana,Sioux City,40.971990,-86.556120
Indiana,Fortwayne,41.130600,-85.128860
Indiana,Tampa Orlando,41.730610,-85.171640
California,Carlsbad,33.158090,-117.350590
Indiana,Terrehaute,39.466700,-87.413910
Indiana,Hammond,41.583370,-87.500040
Indiana,Fargo,40.518930,-87.279460
Indiana,Bloomington In,39.165330,-86.526390
Indiana,Merrillville,41.482810,-87.332810
Indiana,Mishawaka Incall,41.661990,-86.158620
Indiana,Browncounty Area,38.380890,-86.503040
Indiana,Bloomington Indianapolis Seymour,39.165330,-86.526390
Indiana,Columbus,39.201440,-85.921380
California,Dublin,37.702150,-121.935790
Indiana,Crown Point,41.416980,-87.365310
Indiana,Indiabapolis,39.768380,-86.158040
Indiana,Indianapolis Lafayette,40.416700,-86.875290
Indiana,Jeffersonville,38.277570,-85.737180
Indiana,Merrillville In,41.482810,-87.332810
Indiana,Mishawaka,41.661990,-86.158620
Indiana,Morgan County,41.608370,-87.045870
Indiana,Seymour,38.959220,-85.890250
Indiana,Surrounding Areas,40.998090,-87.200300
Indiana,Marion,40.558370,-85.659140
California,Huntington Beach,33.660300,-117.999230
Indiana,Anderson,40.105320,-85.680250
Indiana,Granger,41.753380,-86.110840
Indiana,Houston,39.016440,-86.190820
Indiana,Indianapolis Bloomington,39.165330,-86.526390
Indiana,Lafayette Indianapolis Terre Haute,39.466700,-87.413910
California,Irvine,33.669460,-117.823110
Minnesota,Minneapolis,44.979970,-93.263840
California,Los Angeles Hollywood,34.052230,-118.243680
Minnesota,Minneapolis St Paul,44.979970,-93.263840
Minnesota,St Cloud,45.560800,-94.162490
Minnesota,St Paul,44.944410,-93.093270
Minnesota,Stpaul,44.558850,-95.985590
Minnesota,Duluth,46.783270,-92.106580
Minnesota,Mankato,44.163580,-93.999400
Minnesota,Rochester,44.021630,-92.469900
Minnesota,Bemidji,47.473560,-94.880280
Minnesota,Stcloud,45.560800,-94.162490
Minnesota,Columbia Heights,45.040800,-93.263000
California,Newport Beach,33.618910,-117.928950
Minnesota,Twin Cities,44.093850,-91.749600
Minnesota,Mpls,44.558850,-95.985590
Minnesota,Bloomington,44.840800,-93.298280
Minnesota,Fridley,45.086080,-93.263280
Minnesota,Moorhead,46.873860,-96.769510
Minnesota,Ne Minneapolis,44.979970,-93.263840
Minnesota,Southwest Mn,44.205520,-92.432680
Minnesota,La Crosse,46.659410,-94.113870
California,North Hollywood,34.172230,-118.378970
California,San Fernando Valley,34.281950,-118.438970
California,Pittsburg,38.027980,-121.884680
California,Pleasanton,37.662430,-121.874680
California,Van Nuys,34.186670,-118.448970
Kentucky,Louisville,38.254240,-85.759410
California,Oxnard,34.197500,-119.177050
Kentucky,Lexington,37.988690,-84.477720
Kentucky,Bowling Green,36.990320,-86.443600
Kentucky,Owensboro,37.774220,-87.113330
Kentucky,West Kentucky,37.472550,-88.072800
Kentucky,East Kentucky,38.240080,-83.980480
Kentucky,Western Kentucky,37.472550,-88.072800
Kentucky,Bowlinggreen,36.990320,-86.443600
Kentucky,West,37.472550,-88.072800
Kentucky,Westkentucky,37.472550,-88.072800
Kentucky,Eastern Kentucky,37.517040,-82.805990
California,Buena Park,33.867510,-117.998120
Kentucky,Western Ky,37.472550,-88.072800
Kentucky,Eastern Ky,37.517040,-82.805990
Kentucky,Eastkentucky,37.706170,-86.681650
Kentucky,Cincinnati,37.107310,-83.294620
Kentucky,Florence Ky,38.998950,-84.626610
Kentucky,Morehead Ashland,38.183970,-83.432680
Kentucky,Morehead Mt Sterling Winchester,37.990080,-84.179650
Kentucky,Somerset,37.092020,-84.604110
Kentucky,Georgetown,36.889260,-83.055170
California,Norwalk,33.902240,-118.081730
Oklahoma,Oklahoma City,35.467560,-97.516430
Oklahoma,Tulsa,36.153980,-95.992770
Oklahoma,Lawton,34.608690,-98.390330
Oklahoma,Oklahomacity,36.761970,-101.708770
Oklahoma,Stillwater,36.115610,-97.058370
Oklahoma,Norman,35.222570,-97.439480
Oklahoma,Bethany,35.518670,-97.632260
Arkansas,Little Rock,34.746480,-92.289590
Arkansas,Fort Smith,35.385920,-94.398550
California,Novato,38.107420,-122.569700
Arkansas,Fayetteville,36.062580,-94.157430
Arkansas,Jonesboro,35.842300,-90.704280
Arkansas,Phoenix,34.033430,-91.770960
Arkansas,Tucson,34.940370,-90.709000
Arkansas,Littlerock,34.746480,-92.289590
Arkansas,Yuma,34.534820,-90.673160
Arkansas,Flagstaff,35.819240,-92.394320
Arkansas,Texarkana,33.441790,-94.037690
Arkansas,Prescott,33.802610,-93.381010
Arkansas,Fortsmith,35.385920,-94.398550
California,Riverside Ca,33.953350,-117.396160
Arkansas,Brooklyn,34.566200,-92.447660
Arkansas,Hot Springs,34.503700,-93.055180
Arkansas,Springdale,36.186740,-94.128810
Arkansas,Conway,35.088700,-92.442100
Arkansas,Bentonville,36.372850,-94.208820
Arkansas,Paragould,36.058400,-90.497330
Mississippi,Jackson,32.298760,-90.184810
Mississippi,Biloxi,30.396030,-88.885310
Mississippi,Hattiesburg,31.327120,-89.290340
California,Castro Valley,37.694100,-122.086350
Mississippi,Meridian,32.364310,-88.703660
Mississippi,Northern Mississippi,33.629290,-88.655600
Mississippi,Natchez,31.560440,-91.403170
Mississippi,North Mississippi,32.868190,-88.993110
Mississippi,St Louis,32.982350,-90.588700
Mississippi,Southwest Mississippi,33.197070,-89.777310
Mississippi,North Ms,32.868190,-88.993110
Mississippi,Columbia,31.251840,-89.837580
Mississippi,Springfield,31.747390,-91.190390
Mississippi,Northernmississippi,33.629290,-88.655600
California,Glendale,34.142510,-118.255080
Mississippi,Ocean Springs,30.411310,-88.827810
Mississippi,Flowood,32.309590,-90.138980
Mississippi,Gulfport,30.367420,-89.092820
Iowa,Des Moines,41.600540,-93.609110
Iowa,Quad Cities,41.661130,-91.530170
Iowa,Cedar Rapids,42.008330,-91.644070
Iowa,Waterloo,42.492760,-92.342960
Iowa,Sioux City,42.499990,-96.400310
Iowa,Dubuque,42.500560,-90.664570
California,Oakland East Bay,37.804370,-122.270800
California,Hollywood,34.098340,-118.326740
Iowa,Iowa City,41.661130,-91.530170
Iowa,Mason City,43.153570,-93.201040
Iowa,Desmoines,41.600540,-93.609110
Iowa,Fort Dodge,42.497470,-94.168020
Iowa,Ottumwa,41.020010,-92.411300
Iowa,Cedarrapids,42.008330,-91.644070
Iowa,Quadcities,41.528040,-94.080230
Iowa,Davenport,41.523640,-90.577640
Iowa,Siouxcity,42.499990,-96.400310
Iowa,Boise,42.614430,-92.377130
California,Millbrae,37.598550,-122.387190
Iowa,Iowacity,41.661130,-91.530170
Iowa,Fortdodge,42.497470,-94.168020
Iowa,Ames,42.034710,-93.619940
Iowa,Masoncity,43.153570,-93.201040
Utah,Salt Lake City,40.760780,-111.891050
Utah,Saltlakecity,40.760780,-111.891050
Utah,Provo,40.233840,-111.658530
Utah,Ogden,41.223000,-111.973830
Utah,St George,37.104150,-113.584120
California,Napa,38.297140,-122.285530
Utah,Logan,41.735490,-111.834390
Utah,Stgeorge,37.104150,-113.584120
Utah,South Ogden,41.191890,-111.971330
Kansas,Wichita,37.692240,-97.337540
Kansas,Topeka,39.048330,-95.678040
Kansas,Manhattan,39.183610,-96.571670
Kansas,Lawrence,38.971670,-95.235250
Kansas,Junction City,39.028610,-96.831400
California,Newark,37.529660,-122.040240
Kansas,Salina,38.840280,-97.611420
Kansas,Witchita,37.692240,-97.337540
Kansas,Derby,37.545570,-97.268930
Kansas,Emporia,38.403900,-96.181660
Kansas,Great Bend,38.364460,-98.764810
Kansas,Hutchinson,38.060840,-97.929770
Kansas,Kansas City,39.114170,-94.627460
New Mexico,Albuquerque,35.084490,-106.651140
California,Pasadena,34.147780,-118.144520
New Mexico,Santafe,35.686980,-105.937800
New Mexico,Santa Fe,35.686980,-105.937800
New Mexico,Las Cruces,32.312320,-106.778340
New Mexico,Roswell Carlsbad,32.420670,-104.228840
New Mexico,Farmington,36.728060,-108.218690
New Mexico,Rochester,35.943920,-104.196090
New Mexico,Clovis Portales,34.186190,-103.334400
New Mexico,Albany,35.934480,-103.865250
New Mexico,Buffalo,35.934740,-108.653970
California,Petaluma,38.232420,-122.636650
New Mexico,Syracuse,34.646730,-103.904410
New Mexico,Watertown,31.985100,-107.722250
New Mexico,Binghamton,33.888960,-106.372510
New Mexico,Roswell,33.394370,-104.524910
New Mexico,Clovis,34.404800,-103.205230
New Mexico,Ithaca,36.892780,-107.927290
New Mexico,Utica,34.675340,-104.647770
California,Adelanto,34.582770,-117.409220
New Mexico,Elmira,32.943150,-105.334430
New Mexico,Artesia,32.842330,-104.403300
New Mexico,Potsdam,31.974810,-108.495050
Hawaii,Honolulu,21.306940,-157.858330
Hawaii,Maui,20.698710,-156.426640
California,Anahiem,33.835290,-117.914500
Hawaii,Bigisland,21.284300,-157.737060
Hawaii,Kauai,20.636500,-156.122770
Hawaii,Kihei,20.755480,-156.454460
Hawaii,Waikiki,19.858640,-155.651870
Hawaii,Kahului,20.894720,-156.470000
Hawaii,Aiea,21.382220,-157.933610
Hawaii,Kailua Kona,19.639270,-155.990240
Hawaii,Pearl City,21.397340,-157.975160
California,Artesia,33.865850,-118.083120
Nebraska,Omaha,41.258610,-95.937790
Nebraska,Grand Island,40.925010,-98.342010
Nebraska,Lincoln,40.800000,-96.666960
Nebraska,North Platte,41.123890,-100.765420
Nebraska,Scotts Bluff,41.866630,-103.667170
Nebraska,Scottsbluff,41.866630,-103.667170
Nebraska,Manchester,40.010290,-97.618380
Nebraska,Grandisland,40.925010,-98.342010
Nebraska,Concord,42.383610,-96.988380
California,Azusa,34.133620,-117.907560
Nebraska,Northplatte,41.123890,-100.765420
North Dakota,Minot,48.232510,-101.296270
North Dakota,Fargo,46.877190,-96.789800
North Dakota,Bismarck,46.808330,-100.783740
North Dakota,Grand Forks,47.925260,-97.032850
North Dakota,Reno,46.863040,-98.582600
North Dakota,Elko,46.862230,-102.881850
California,Riverside,33.953350,-117.396160
California,Bay Area,33.916680,-117.900060
North Dakota,North Dakota,48.042780,-98.336210
North Dakota,Bismark,46.808330,-100.783740
North Dakota,Dickinson,46.879180,-102.789620
North Dakota,Williston Amp Amp Watford City,47.802240,-103.283250
North Dakota,Williston,48.146970,-103.617970
Rhode Island,Providence,41.823990,-71.412830
Rhode Island,Coventry,41.700100,-71.682840
Rhode Island,Pawtucket,41.878710,-71.382560
Rhode Island,Warwick,41.700100,-71.416170
California,Bloomington,34.070290,-117.395880
West Virginia,Morgantown,39.629530,-79.955900
West Virginia,Martinsburg,39.456210,-77.963890
West Virginia,Charleston,38.349820,-81.632620
West Virginia,Wheeling,40.063960,-80.720910
West Virginia,Huntington,38.419250,-82.445150
West Virginia,Parkersburg,39.266740,-81.561510
West Virginia,Milwaukee,38.755950,-79.126980
West Virginia,Madison,38.067050,-81.819290
California,Clovis,36.825230,-119.702920
West Virginia,Racine,38.142050,-81.660400
West Virginia,Appleton,39.038430,-80.467310
West Virginia,Charlestonwv,38.349820,-81.632620
West Virginia,Charleston Wv,38.349820,-81.632620
West Virginia,Southernwestvirginia,38.796750,-81.549570
West Virginia,South Wv,38.313710,-81.602900
West Virginia,South Charleston,38.368430,-81.699570
West Virginia,North Panhandle,38.627030,-81.972080
California,Encinitas,33.036990,-117.291980
West Virginia,Parkersburg Beckley,39.266740,-81.561510
Idaho,Boise,43.613500,-116.203450
Idaho,East Idaho,48.241870,-116.295460
Idaho,Twin Falls,42.562970,-114.460870
Idaho,Lewiston,46.416550,-117.017660
Idaho,Appleton,42.747960,-114.635320
Idaho,Rockford,43.189640,-112.534710
Idaho,Eastidaho,46.091560,-115.976250
Idaho,Peoria,46.498790,-116.433480
California,Gardena,33.888350,-118.308960
Idaho,Twinfalls,42.562970,-114.460870
Idaho,Chicago,47.863790,-116.746580
Idaho,Decatur,42.518240,-113.628060
Idaho,Bloomington,42.191870,-111.401320
Idaho,Pasadena,43.351860,-111.217720
Idaho,La Salle,43.703250,-111.860800
Idaho,Post Falls,47.717960,-116.951590
Idaho,Idaho Falls,43.466580,-112.034140
Alaska,Anchorage,61.218060,-149.900280
California,Indio,33.720580,-116.215560
Alaska,Edinburg,61.737780,-148.908610
Alaska,Southeast Alaska,58.715560,-156.998060
Alaska,Fairbanks,64.837780,-147.716390
Alaska,Kenai,60.554440,-151.258330
Alaska,Matsu Valley,59.947220,-151.732220
California,La Quinta,34.327780,-118.640640
New Hampshire,Manchester,42.995640,-71.454790
New Hampshire,New Hampshire,43.293960,-72.260370
New Hampshire,Amsterdam,43.562580,-71.334790
New Hampshire,Concord,43.208140,-71.537570
New Hampshire,Trenton,44.103120,-71.901750
New Hampshire,Atlantic City,42.871200,-70.861160
California,Lake Forest,38.817960,-122.717770
New Hampshire,Newark,44.601440,-71.424530
New Hampshire,Jersey City,43.143140,-71.234230
New Hampshire,Claremont,43.376740,-72.346760
New Hampshire,Manchester And Not Only,42.995640,-71.454790
California,North Highlands,38.685740,-121.372170
California,North Sacramento,38.606020,-121.457450
Maine,Portsmouth,44.767290,-69.210330
Maine,Maine,46.820040,-67.923080
Maine,East Boston,46.641150,-67.909470
California,San Bernardino,34.108340,-117.289770
California,Paramount,33.889460,-118.159790
Maine,Worcester,45.408670,-68.499750
Maine,Springfield,45.396180,-68.135570
Maine,Portland,43.661470,-70.255330
Maine,Bangor,44.801180,-68.777810
Maine,Boston,43.894240,-70.977010
Maine,Cambridge,45.024220,-69.473940
Maine,Waterville,44.552010,-69.631710
Maine,Augusta,44.310620,-69.779490
California,San Fransico,37.774930,-122.419420
California,San Marino,34.121400,-118.106460
Vermont,Burlington,44.475880,-73.212070
California,Santa Fe,33.020320,-117.202810
Vermont,Norfolk,45.010050,-71.794820
Vermont,University Of Richmond,44.405330,-72.992900
Vermont,Hampton,43.973670,-73.034000
Vermont,Newport News,44.936440,-72.205100
Vermont,Roanoke,44.094230,-72.732890
Vermont,Chesapeake,43.262850,-72.595090
Vermont,Portsmouth,43.535900,-72.721490
Vermont,Charlottesville,44.309770,-73.260960
Vermont,Richmond,44.405330,-72.992900
California,Stanton,33.802520,-117.993120
Vermont,Arlington,43.074800,-73.154000
Vermont,Lynchburg,44.975040,-73.300130
Vermont,Harrisonburg,42.815640,-72.742320
Vermont,Danville,44.411170,-72.139260
Vermont,Suffolk,44.689500,-72.056490
Vermont,Barre,44.197010,-72.502050
Delaware,Wilmington,39.745950,-75.546590
California,Studio City,34.148620,-118.396470
Delaware,Delaware,39.775110,-75.487140
Delaware,Washington Dc,39.661220,-75.580760
Delaware,Newark,39.683720,-75.749660
Delaware,Claymont,39.800670,-75.459640
California,Sylmar,34.307780,-118.449250
Montana,Montana,48.544140,-113.212040
Montana,Billings,45.783290,-108.500690
Montana,Missoula,46.872150,-113.994000
Montana,Great Falls,47.500240,-111.300810
Montana,Butte,46.003820,-112.534740
California,Torrance,33.835850,-118.340630
Montana,Helena,46.592710,-112.036110
Montana,Bozeman,45.679650,-111.038560
Montana,Kalispell,48.195790,-114.312910
California,Vannuys,34.186670,-118.448970
Wyoming,Cheyenne,41.139980,-104.820250
California,West Sacramento Sacramento,38.580460,-121.530230
Wyoming,Casper,42.866630,-106.313080
Wyoming,Jackson,43.479930,-110.762430
Wyoming,Annandale,42.814690,-106.310580
Wyoming,Sheridan,44.797190,-106.956180
Wyoming,Rock Springs,41.587460,-109.202900
Wyoming,Rozet,44.278040,-105.206100
California,Bakersfield,35.373290,-119.018710
California,Westwood,40.306000,-121.005790
South Dakota,Sioux Falls,43.549970,-96.700330
South Dakota,South Dakota,45.220260,-102.162940
South Dakota,Rapid City,44.080540,-103.231010
South Dakota,Mitchell,43.709430,-98.029800
California,Capitola,36.975230,-121.953290
California,Folsom,38.677960,-121.176060
California,Gold Country,37.968810,-121.340780
California,Hanford Corcoran,36.098010,-119.560400
California,Mendocino County,39.307670,-123.799460
California,Rialto,34.106400,-117.370320
California,Santa Ana,33.745570,-117.867830
California,Sonoma,38.291860,-122.458040
California,Albany,37.886870,-122.297750
California,Santa Barbara,34.420830,-119.698190
California,Beverly Hills,34.073620,-118.400360
California,Brisbane,37.680770,-122.399970
California,Danville,37.821590,-121.999960
California,Downey,33.940010,-118.132570
California,Foster City,37.558550,-122.271080
California,La Jolla,33.857520,-117.876450
California,La Mesa,32.767830,-117.023080
California,Lakewood,33.853630,-118.133960
California,Mill Valley,37.906040,-122.544980
California,Oceanside,33.195870,-117.379480
California,Fresno,36.747730,-119.772370
California,Orangevale,38.678510,-121.225780
California,Tulare,36.207730,-119.347340
California,Venice,33.990840,-118.460080
California,American Canyon,38.174920,-122.260800
California,Brea,33.916680,-117.900060
California,Brentwood,37.931870,-121.695790
California,Burbank,34.180840,-118.308970
California,Canoga Park,34.201120,-118.598140
California,Citrus Heights,38.707120,-121.281060
California,Cotati,38.326860,-122.707210
California,Los Angeles,34.052230,-118.243680
California,San Gabriel Valley,34.096110,-118.105830
California,Fair Oaks,39.378500,-123.341400
California,Fountain Valley,33.709180,-117.953670
California,Hawaiian Gardens,33.831400,-118.072840
California,Larkspur,37.934090,-122.535250
California,Lodi,38.130200,-121.272450
California,Lomita,33.792240,-118.315070
California,Marina Del Rey,33.980290,-118.451740
California,Menlo Park,37.453830,-122.182190
California,Morgan Hill,37.130500,-121.654390
California,Oakley,37.997420,-121.712450
California,Palmdale,34.579430,-118.116460
California,Pacifica,37.613830,-122.486920
California,Palm Desert,33.722550,-116.376970
California,Palo Alto,37.441880,-122.143020
California,Perris,33.782520,-117.228650
California,Pomona,34.055290,-117.752280
California,Rancho Santa Margarita,33.640860,-117.603100
California,Redondo Beach,33.849180,-118.388410
California,Rocklin,38.790730,-121.235780
California,Sacramento Auburn,38.581570,-121.494400
California,San Carlos,37.507160,-122.260520
California,Palm Springs,33.830300,-116.545290
California,San Pablo,37.962150,-122.345530
California,Santa Monica,34.019450,-118.491190
California,Saratoga,37.263830,-122.023010
California,Sausalito,37.859090,-122.485250
California,Tarzana,34.173340,-118.553970
California,Temecula,33.493640,-117.148360
California,Thousand Oaks,34.170560,-118.837590
California,Upland,34.097510,-117.648390
Florida,Miami,25.774270,-80.193660
California,Monterey,36.600240,-121.894680
Florida,Orlando,28.538340,-81.379240
Florida,Tampa,27.947520,-82.458430
Florida,Jacksonville,30.332180,-81.655650
Florida,West Palm Beach,26.715340,-80.053370
Florida,Ft Lauderdale,26.166470,-80.208380
Florida,Fort Lauderdale,26.122310,-80.143380
Florida,Fort Myers,26.621680,-81.840590
Florida,Sarasota,27.336430,-82.530650
Florida,Daytona,29.165820,-81.004500
Florida,Pensacola,30.421310,-87.216910
California,Santa Cruz,36.974120,-122.030800
Florida,Tallahassee,30.438260,-84.280730
Florida,Panama City,30.159460,-85.659830
Florida,Gainesville,29.651630,-82.324830
Florida,Space Coast,27.982500,-82.345200
Florida,Ftlauderdale,26.166470,-80.208380
Florida,Ocala,29.187200,-82.140090
Florida,Treasure Coast,27.877300,-82.508500
Florida,Westpalmbeach,26.715340,-80.053370
Florida,Lakeland,28.039470,-81.949800
Florida,Fortmyers,26.621680,-81.840590
California,North Bay,39.586560,-121.076900
Florida,Keys,27.965800,-82.455900
Florida,St Augustine,29.894690,-81.314520
Florida,Cocoa,28.386120,-80.742000
Florida,Sarasota Bradenton,27.498930,-82.574820
Florida,Vero Beach,27.638640,-80.397270
Florida,Miami Dade,25.774270,-80.193660
Florida,Key West,24.555700,-81.782590
Florida,Treasurecoast,27.877300,-82.508500
Florida,Panamacity,30.159460,-85.659830
Florida,Spacecoast,28.057400,-82.486800
California,Modesto,37.639100,-120.996880
Florida,Daytona Beach,29.210810,-81.022830
Florida,North Fort Myers,26.667290,-81.880090
Florida,Tampa Bay,27.947520,-82.458430
Florida,Boca Raton,26.358690,-80.083100
Florida,Palm Beach,26.705620,-80.036430
Florida,Staugustine,29.894690,-81.314520
Florida,Coral Gables,25.721490,-80.268380
Florida,Gibsonton,27.853640,-82.382590
Florida,North Miami,25.890090,-80.186710
Florida,Broward County,26.125640,-80.193380
California,Losangeles,34.052230,-118.243680
Florida,Altamonte Springs,28.661110,-81.365620
Florida,Greenacres,26.623680,-80.125320
Florida,St Petersburg,27.770860,-82.679270
Florida,Tampa Orlando,28.538340,-81.379240
Florida,Clearwater,27.965850,-82.800100
Florida,Pinellas Park,27.842800,-82.699540
Florida,Largo,27.909790,-82.788420
Florida,Naples,26.142040,-81.794810
Florida,Bradenton,27.498930,-82.574820
Florida,Brandon,27.937800,-82.285920
California,Palms Prings,33.830300,-116.545290
Florida,Miami Beach,25.790650,-80.130050
Florida,Palm Harbor,28.078070,-82.763710
Florida,Venice,27.099780,-82.454260
Florida,Destin,30.393530,-86.495780
Florida,Cape Coral,26.562850,-81.949530
Florida,Cape Coral Fort Myers,26.562850,-81.949530
Florida,Cocoa Beach,28.320010,-80.607550
Florida,Fort Walton Beach,30.405760,-86.618840
Florida,Lehigh Acres,26.625350,-81.624800
Florida,Pompano,26.287360,-80.115970
California,Orangecounty,33.787790,-117.853110
Florida,Badenton,27.498930,-82.574820
Florida,Clearwater Tampa,27.965850,-82.800100
Florida,Coral Springs,26.271190,-80.270600
Florida,Countryside Clearwater,27.965850,-82.800100
Florida,Dunedin,28.019740,-82.771770
Florida,East Ft Laudedale,27.989710,-82.390600
Florida,Florida Keys,27.965800,-82.455900
Florida,Ft Myers,26.621680,-81.840590
Florida,Hollywood,26.011200,-80.149490
Florida,Homestead,27.975600,-82.448900
California,Orange County,33.787790,-117.853110
California,Chico,39.728490,-121.837480
Florida,Key Largo,25.086520,-80.447280
Florida,Kissimmee,28.304680,-81.416670
Florida,Lake City,30.189680,-82.639290
Florida,Marathon,24.713750,-81.090350
Florida,Marianna,30.774360,-85.226870
Florida,New Smyrna Beach,29.025820,-80.927000
Florida,North Miami Beach,25.933150,-80.162550
Florida,Palm Beach Garden,26.823390,-80.138650
Florida,Palm Beach Gardens,26.823390,-80.138650
Florida,Saint Petersburge,27.770860,-82.679270
California,San Luis Obispo,35.282750,-120.659620
Florida,Santa Rosa Beach,30.396030,-86.228830
Florida,St Pete,25.598440,-80.354220
Florida,M I,27.982900,-82.451800
Florida,Palm Beach County,26.705620,-80.036430
Florida,Stuart,27.197550,-80.252830
Florida,Wpb,27.649200,-82.362000
Florida,Casselberry,28.677780,-81.327850
Florida,Holiday,28.187790,-82.739550
Florida,Keystone Heights,29.786080,-82.031490
Florida,Merritt Island,28.539170,-80.672000
California,Oakland,37.804370,-122.270800
Florida,Okaloosa,30.915740,-86.486060
Texas,Houston,29.763280,-95.363270
Texas,Dallas,32.783060,-96.806670
Texas,Austin,30.267150,-97.743060
Texas,San Antonio,29.424120,-98.493630
Texas,Dallas Fort Worth,32.725410,-97.320850
Texas,Odessa,31.845680,-102.367640
Texas,El Paso,31.758720,-106.486930
Texas,Killeen,31.117120,-97.727800
California,Sandiego,32.715330,-117.157260
Texas,Corpus Christi,27.800580,-97.396380
Texas,Mcallen,26.203410,-98.230010
Texas,Beaumont,30.086050,-94.101850
Texas,Tyler,32.351260,-95.301060
Texas,Denton,33.214840,-97.133070
Texas,Amarillo,35.222000,-101.831300
Texas,Abilene,32.448740,-99.733140
Texas,Waco,31.549330,-97.146670
Texas,Lubbock,33.577860,-101.855170
Texas,College Station,30.627980,-96.334410
California,Santa Maria,34.131400,-118.574530
Texas,Galveston,29.301350,-94.797700
Texas,Brownsville,25.901750,-97.497480
Texas,Texarkana,33.425130,-94.047690
Texas,Wichita Falls,33.913710,-98.493390
Texas,Laredo,27.506410,-99.507540
Texas,San Marcos,29.883270,-97.941390
Texas,Victoria,31.597950,-96.776660
Texas,Fort Worth,32.725410,-97.320850
Texas,Huntsville,30.723530,-95.550780
Texas,Sanantonio,29.424120,-98.493630
California,Redding,40.586540,-122.391680
Texas,Texoma,36.498080,-101.782940
Texas,Mid Cities,29.383850,-94.902700
Texas,Dallas Ft Worth,32.783060,-96.806670
Texas,Elpaso,31.758720,-106.486930
Texas,Del Rio,29.362730,-100.896760
Texas,Corpuschristi,27.800580,-97.396380
Texas,Arlington,32.735690,-97.108070
Texas,Collegestation,30.627980,-96.334410
Texas,Sanmarcos,29.883270,-97.941390
Texas,Wichitafalls,33.913710,-98.493390
California,Visalia,36.330230,-119.292060
Texas,Huntsvilletx,30.723530,-95.550780
Texas,Reno,33.663160,-95.462450
Texas,Rio Grande Valley,26.379790,-98.820300
Texas,Edinburg,26.301740,-98.163340
Texas,Spring,30.079940,-95.417160
Texas,Victoria Tx,31.597950,-96.776660
Texas,Carrollton,32.953730,-96.890280
Texas,Cedar Hill,34.143410,-101.204320
Texas,Clear Lake City,29.555230,-95.115210
Texas,Desoto,32.589860,-96.856950
California,Humboldt County,40.725960,-124.189780
Texas,E Plano,33.019840,-96.698890
Texas,Forf Worth,32.725410,-97.320850
Texas,Grand Prairie,32.745960,-96.997780
Texas,Grand Prarie,32.745960,-96.997780
Texas,Heb,29.985490,-94.061840
Texas,Lamar,28.139460,-97.005550
Texas,Lewisville,33.046230,-96.994170
Texas,Midland,31.997350,-102.077910
Texas,Plano,33.019840,-96.698890
Texas,Sugar Land,29.619680,-95.634950
California,Sanfernandovalley,34.281950,-118.438970
Texas,Wells Branch,30.446040,-97.679450
Texas,Ingram,30.077430,-99.240320
Texas,Euless,32.837070,-97.081950
Texas,Addison,32.961790,-96.829170
Texas,Arlingto,32.735690,-97.108070
Texas,Irving,32.898690,-96.972240
Texas,Katy,29.785790,-95.824400
Texas,Lancaster,32.592080,-96.756110
Texas,Mesquite,32.870380,-101.630140
Texas,North Dallas,32.783060,-96.806670
California,Sanjose,37.339390,-121.894960
Texas,Rosenberg,29.557180,-95.808560
Texas,Temple,31.098230,-97.342780
New York,New York,42.871170,-77.885280
New York,Manhattan,40.783430,-73.966250
New York,Long Island,40.744820,-73.948750
New York,Queens,40.749820,-73.797630
New York,Brooklyn,42.433120,-78.748360
New York,Albany,42.652580,-73.756230
New York,Buffalo,42.886450,-78.878370
California,San Diego,32.715330,-117.157260
California,Merced,37.302160,-120.482970
New York,Bronx,40.849850,-73.866410
New York,Westchester,40.847220,-73.855280
New York,Hudson Valley,42.252860,-73.790960
New York,Syracuse,43.048120,-76.147420
New York,Rochester,43.154780,-77.615560
New York,Newyork,42.871170,-77.885280
New York,Staten Island,40.562330,-74.139860
New York,Binghamton,42.098690,-75.917970
New York,Watertown,43.974780,-75.910760
New York,North Jersey,44.398380,-73.673470
California,Stockton,37.957700,-121.290780
New York,Utica,43.100900,-75.232660
New York,Elmira,42.089800,-76.807730
New York,Ithaca,42.440630,-76.496610
New York,Glens Falls,43.309520,-73.644010
New York,Fairfield,43.137290,-74.913210
New York,Plattsburgh,44.699490,-73.452910
New York,New York City,41.147600,-73.989310
New York,Catskills,42.217310,-73.864570
New York,Hudsonvalley,42.252860,-73.790960
New York,Finger Lakes,42.119220,-79.732550
California,Mendocino,39.307670,-123.799460
New York,Oneonta,42.452860,-75.063770
New York,Potsdam,44.669780,-74.981310
New York,Chautauqua,42.209780,-79.466710
New York,Twin Tiers,42.871170,-77.885280
New York,Twintiers,42.871170,-77.885280
New York,Egypt,43.064230,-77.407490
New York,Rochester Ny,43.154780,-77.615560
New York,Catskill,42.217310,-73.864570
New York,Poughkeepsie,41.700370,-73.920970
New York,Glensfalls,43.309520,-73.644010
California,Sanfrancisco,37.774930,-122.419420
New York,Binghamtom,42.098690,-75.917970
New York,Troy,42.728410,-73.691790
New York,Yonkers,40.931210,-73.898750
New York,Elmsford,41.055100,-73.820130
New York,Fingerlakes,44.247840,-75.137700
New York,Latham,42.747020,-73.759010
New York,All Over,42.156460,-77.795550
New York,Bayside,40.768440,-73.777080
New York,Cohoes,42.774240,-73.700120
New York,Copiague,40.681490,-73.399840
California,Longbeach,33.766960,-118.189230
New York,Deer Park,40.761770,-73.329290
New York,Floral Park,40.723710,-73.704850
New York,Middletown,41.445930,-74.422930
New York,Nassau,42.515910,-73.610120
New York,Niagara Falls,43.094500,-79.056710
New York,Pittsford,43.090620,-77.515000
New York,Rome,44.440600,-73.688190
New York,Saratoga,43.068610,-73.793060
New York,Schenectady,42.814240,-73.939570
New York,White Plains,41.033990,-73.762910
California,Eastbay,36.650230,-119.790700
New York,Williamsville,42.963950,-78.737810
New York,Astoria,40.772050,-73.930140
New York,East Elmhurst,40.761210,-73.865140
New York,Farmingdale,40.732600,-73.445400
New York,Queens Village,40.726770,-73.741520
New York,New Hyde Park,42.660910,-74.957930
New York,Albany Tri City Area,42.652580,-73.756230
New York,Long Island City,40.744820,-73.948750
New York,Rosendale,41.843980,-74.082090
California,Inlandempire,37.638260,-120.902150
California,Sanbernardino,34.108340,-117.289770
California,San Mateo,37.562990,-122.325530
California,Palmsprings,33.830300,-116.545290
California,San Jose,37.339390,-121.894960
California,Eureka,40.802070,-124.163670
California,Susanville,40.416280,-120.653010
North Carolina,Charlotte,35.227090,-80.843130
North Carolina,Raleigh,35.772100,-78.638610
North Carolina,Greensboro,36.072640,-79.791980
North Carolina,Fayetteville,35.052660,-78.878360
California,South San Francisco,37.654660,-122.407750
North Carolina,Wilmington,34.225730,-77.944710
North Carolina,Asheville,35.600950,-82.554020
North Carolina,Eastern Nc,35.801530,-80.231160
North Carolina,Hickory,35.733190,-81.341200
North Carolina,Salem,35.698740,-81.697040
North Carolina,Eastern,35.801530,-80.231160
North Carolina,Outer Banks,35.635710,-78.714180
North Carolina,Winston Salem,36.099860,-80.244220
North Carolina,Boone,36.216790,-81.674550
North Carolina,Winston,36.119860,-80.233940
California,Santabarbara,34.420830,-119.698190
North Carolina,Omaha,36.131800,-79.412520
North Carolina,Easternnc,35.837930,-78.618890
North Carolina,Fayetteville Nc,35.052660,-78.878360
North Carolina,Lincoln,35.086550,-79.471980
North Carolina,Outerbanks,35.635710,-78.714180
North Carolina,Fayettville,35.052660,-78.878360
North Carolina,Durham,35.994030,-78.898620
North Carolina,Jacksonville Nc,34.754050,-77.430240
North Carolina,High Point,35.955690,-80.005320
North Carolina,Jacksonville,34.754050,-77.430240
California,Siskiyou,39.308780,-122.338590
North Carolina,Thomasville,35.882640,-80.081990
North Carolina,Eastern Bend,36.216530,-80.512560
North Carolina,Rocky Mount,35.938210,-77.790530
North Carolina,Greenville,35.612660,-77.366350
New Jersey,North Jersey,41.136210,-74.717110
New Jersey,South Jersey,39.826230,-74.604320
New Jersey,Central Jersey,39.659840,-75.514640
New Jersey,Jersey Shore,40.590380,-74.327930
New Jersey,Newark,40.735660,-74.172370
California,Santacruz,36.974120,-122.030800
New Jersey,Northjersey,41.136210,-74.717110
New Jersey,Centraljersey,39.659840,-75.514640
New Jersey,Atlantic City,39.364280,-74.422930
New Jersey,Southjersey,40.138450,-74.224870
New Jersey,Jerseyshore,40.590380,-74.327930
New Jersey,Jersey City,40.728160,-74.077640
New Jersey,Albuquerque,40.001500,-74.971280
New Jersey,Central Nj,39.659840,-75.514640
New Jersey,Trenton,40.217050,-74.742940
New Jersey,Bayonne,40.668710,-74.114310
California,Yucaipa,34.033630,-117.043090
New Jersey,Brick,40.059280,-74.137080
New Jersey,Cherry Hill,39.934840,-75.030730
New Jersey,Woodbridge,40.557600,-74.284590
New Jersey,Secaucus,40.789550,-74.056530
New Jersey,Clifton,40.858430,-74.163760
New Jersey,Clifton And Nj Areas,40.858430,-74.163760
New Jersey,Dayton,40.372610,-74.510150
New Jersey,Dover,40.883990,-74.562100
New Jersey,Elizabeth,40.663990,-74.210700
New Jersey,Monmouth,40.412050,-74.103200
California,Sanluisobispo,35.282750,-120.659620
New Jersey,Mt Laurel,39.339560,-75.029900
New Jersey,Neptune,40.200110,-74.027920
New Jersey,Parsippany,40.857880,-74.425990
New Jersey,Ramsey,41.057320,-74.140980
New Jersey,Woodbury,39.838170,-75.152680
New Jersey,Paterson,40.916770,-74.171810
New Jersey,Bound Brook,40.568440,-74.538490
New Jersey,Butler,41.003710,-74.341540
New Jersey,Burlington,40.071220,-74.864890
New Jersey,Freehold,40.260110,-74.273760
California,Imperial County,32.847550,-115.569440
Georgia,Atlanta,33.749000,-84.387980
Georgia,Savannah,32.083540,-81.099830
Georgia,Macon,32.840690,-83.632400
Georgia,Augusta,33.470970,-81.974840
Georgia,Columbus,32.460980,-84.987710
Georgia,Valdosta,30.833340,-83.280320
Georgia,Brunswick,31.149950,-81.491490
Georgia,Albany,31.578510,-84.155740
Georgia,Northwest Georgia,33.900380,-84.495210
California,Siskiyou County,39.308780,-122.338590
Georgia,Athens,33.960950,-83.377940
Georgia,Statesboro,32.448790,-81.783170
Georgia,Alpharetta,34.075380,-84.294090
Georgia,Northwestgeorgia,33.900380,-84.495210
Georgia,Albany Ga,31.578510,-84.155740
Georgia,Northwest Ga,33.900380,-84.495210
Georgia,Dunwoody,33.946210,-84.334650
Georgia,Winder,33.992610,-83.720170
Georgia,Marietta,33.952600,-84.549930
Georgia,Roswell,34.023160,-84.361590
California,San Francisco,37.774930,-122.419420
California,Ventura County,34.278340,-119.293170
Georgia,Stone Mountain,33.808160,-84.170200
Georgia,Buford,34.120660,-84.004350
Georgia,Conyers,33.667610,-84.017690
Georgia,Lagrange,33.039290,-85.031330
Georgia,Smyrna,33.598180,-83.404890
Arizona,Phoenix,33.448380,-112.074040
Arizona,Tucson,32.221740,-110.926480
Arizona,Yuma,32.725320,-114.624400
Arizona,Flagstaff,35.198070,-111.651270
California,Fresno Madera,36.747730,-119.772370
Arizona,Prescott,34.540020,-112.468500
Arizona,Mohave,32.726710,-113.755200
Arizona,Sierra Vista,31.554540,-110.303690
Arizona,Mohave County,35.333330,-114.588860
Arizona,Show Low,34.254210,-110.029830
Arizona,Flagstaff Sedona,35.198070,-111.651270
Arizona,Showlow,34.254210,-110.029830
Arizona,Kingman,35.189440,-114.053010
Arizona,Fort Smith,34.146700,-112.267110
California,Monterey Bay,36.600240,-121.894680
Arizona,Glendale,33.538650,-112.185990
Arizona,Scottsdale,33.509210,-111.899030
Arizona,Sierravista,31.554540,-110.303690
Arizona,Mesa,33.422270,-111.822640
Arizona,Pinetop,34.125880,-109.937610
Arizona,Tempe,33.414770,-111.909310
Arizona,Chandler,33.306160,-111.841250
Arizona,Gilbert,33.352830,-111.789030
Arizona,Glendale Phoenix Area,33.538650,-112.185990
Arizona,Paradise Valley,33.531150,-111.942650
California,Santamaria,34.131400,-118.574530
Arizona,Phoenix Maricopa,33.058110,-112.047640
Arizona,Surprise,33.630590,-112.333220
Illinois,Chicago,41.850030,-87.650050
Illinois,Rockford,42.271130,-89.094000
Illinois,Peoria,40.693650,-89.588990
Illinois,Springfield,39.801720,-89.643710
Illinois,Chambana,41.980580,-89.219820
Illinois,Carbondale,37.727270,-89.216750
Illinois,Decatur,39.840310,-88.954800
California,Corona Del Mar,33.598080,-117.873110
Illinois,Bloomington,40.484200,-88.993690
Illinois,Mattoon,39.483090,-88.372830
Illinois,Quincy,39.935600,-91.409870
Illinois,La Salle County,41.333370,-89.091750
Illinois,Lasalle,41.333370,-89.091750
Illinois,Urbana Champaign,40.116420,-88.243380
Illinois,Springfieldil,39.801720,-89.643710
Illinois,Lasalle County,41.333370,-89.091750
Illinois,Champaign,40.116420,-88.243380
California,Chula Vista,32.640050,-117.084200
Illinois,South Bend,42.493070,-89.036780
Illinois,Western Illinois,41.809750,-87.900620
Illinois,Berwyn,41.850590,-87.793670
Illinois,Fort Wayne,41.950860,-88.242300
Illinois,Minot,40.904480,-89.034520
Illinois,Joliet,41.525190,-88.083400
Illinois,Schaumburg,42.033360,-88.083410
Illinois,Woodridge,41.746970,-88.050340
Illinois,Collinsville,38.670330,-89.984550
Illinois,East Peoria,40.666150,-89.580100
California,Visalia Tulare,36.207730,-119.347340
Illinois,Norh And Northwest Suburbs,42.117500,-87.858890
Illinois,Ofallon,38.592270,-89.911210
Illinois,Southern Illinois,37.703940,-89.210640
Illinois,Tinley Park,41.573370,-87.784490
Illinois,Western Il,41.809750,-87.900620
Illinois,Aurora,41.760580,-88.320070
Illinois,Elk Grove Village,42.003920,-87.970350
Illinois,La Grange,41.805030,-87.869230
Illinois,Oak Brook,41.832810,-87.928950
Illinois,Park Ridge,42.011140,-87.840620
California,Alhambra,34.095290,-118.127010
Illinois,West Chicago,41.884750,-88.203960
Illinois,Willowbrook,41.769750,-87.935890
Illinois,Algonquin,42.165580,-88.294250
Illinois,Harvey,41.610030,-87.646710
Illinois,La Salle,41.333370,-89.091750
Illinois,Southern Il,37.703940,-89.210640
Illinois,Urbana,40.110590,-88.207270
Illinois,Warrenville,41.817810,-88.173400
Pennsylvania,Philadelphia,39.952330,-75.163790
California,Alameda,37.765210,-122.241640
Pennsylvania,Pittsburgh,40.440620,-79.995890
Pennsylvania,Allentown,40.608430,-75.490180
Pennsylvania,Scranton,41.409160,-75.664900
Pennsylvania,Harrisburg,40.273700,-76.884420
Pennsylvania,Reading,40.335650,-75.926870
Pennsylvania,York,39.962600,-76.727740
Pennsylvania,Lancaster,40.037880,-76.305510
Pennsylvania,Erie,42.129220,-80.085060
Pennsylvania,Poconos,41.106750,-75.454350
Pennsylvania,Altoona,40.518680,-78.394740
California,Concord,37.977980,-122.031070
Pennsylvania,Williamsport,41.241190,-77.001080
Pennsylvania,Pennstate,40.218400,-79.487820
Pennsylvania,Chambersburg,39.937590,-77.661100
Pennsylvania,Meadville,41.641440,-80.151450
Pennsylvania,Mount Pocono,41.122030,-75.364630
Pennsylvania,State College,40.793390,-77.860000
Pennsylvania,York Springs,40.008980,-77.115540
Pennsylvania,Cumberland Valley,40.232310,-76.884700
Pennsylvania,Pocono Summit,41.111200,-75.386300
Pennsylvania,Panama City,41.899500,-79.845330
California,Sacramento,38.581570,-121.494400
California,Humboldt,40.725960,-124.189780
Pennsylvania,Wilkes Barre,41.245910,-75.881310
Pennsylvania,Cumberland,40.232310,-76.884700
Pennsylvania,Monroeville,40.421180,-79.788100
Pennsylvania,Robinson,40.404240,-79.139480
Pennsylvania,Washington,40.202310,-77.478040
Pennsylvania,Allentown Philadelphia,40.608430,-75.490180
Pennsylvania,Bethlehem,40.861730,-78.730310
Pennsylvania,Charleroi,40.137850,-79.898100
Pennsylvania,Connellsville,40.017850,-79.589480
Pennsylvania,Crafton,40.435070,-80.066170
California,Fairfield,38.249360,-122.039970
Pennsylvania,Cranberry,40.953970,-75.997700
Pennsylvania,Hershey,40.285920,-76.650250
Pennsylvania,Luzerne,41.285640,-75.901030
Pennsylvania,Mount Joy,41.052840,-78.435850
Pennsylvania,New Cumberland,40.232310,-76.884700
Pennsylvania,Pottstown,40.245370,-75.649630
Pennsylvania,Se Of Pittsburgh,40.440620,-79.995890
Pennsylvania,Bloomsburg,40.429540,-76.013270
Pennsylvania,King Of Prussia,40.089270,-75.396020
Pennsylvania,Mcmurray,40.277850,-80.083940
California,Vallejo,38.104090,-122.256640
Pennsylvania,Norristown,40.121500,-75.339900
Pennsylvania,Swissvale,40.423680,-79.882830
Ohio,Cleveland,41.499500,-81.695410
Ohio,Columbus,39.961180,-82.998790
Ohio,Cincinnati,39.162000,-84.456890
Ohio,Akron,41.081440,-81.519010
Ohio,Toledo,41.663940,-83.555210
Ohio,Dayton,39.758950,-84.191610
Ohio,Youngstown,41.099780,-80.649520
California,Fremont,37.548270,-121.988570
Ohio,Sandusky,41.448940,-82.707960
Ohio,Akron Canton,40.798950,-81.378450
Ohio,Lima,40.742550,-84.105230
Ohio,Mansfield,40.758390,-82.515450
Ohio,Chillicothe,39.333120,-82.982400
Ohio,Ashtabula,41.865050,-80.789810
Ohio,Athens,39.329240,-82.101260
Ohio,Zanesville Cambridge,39.940350,-82.013190
Ohio,Huntington Ashland,41.103110,-82.220990
Ohio,Canton,40.798950,-81.378450
California,Santa Clara,37.354110,-121.955240
Ohio,Zanesville,39.940350,-82.013190
Ohio,Lima Findlay,41.044220,-83.649930
Ohio,Tuscarawas County,40.394790,-81.407060
Ohio,Tuscarawas,40.394790,-81.407060
Ohio,Ashland,40.868670,-82.318220
Ohio,Columbus Oh,39.961180,-82.998790
Ohio,Findlay,41.044220,-83.649930
Ohio,Athens Oh,39.329240,-82.101260
Ohio,Lima Oh,40.742550,-84.105230
Ohio,Stow,41.159500,-81.440390
California,Santa Rosa,38.440470,-122.714430
Ohio,Austintown,41.101720,-80.764520
Ohio,Boardman,41.024230,-80.662850
Ohio,Cincinnati Dayton,39.162000,-84.456890
Ohio,Middleburg Heights,41.361440,-81.812910
Ohio,North Dayton,40.330600,-84.775520
Ohio,Sw Cleveland Suburb,41.499500,-81.695410
Ohio,West Carrollton,39.672280,-84.252160
Washington,Seattle,47.606210,-122.332070
Washington,Tacoma,47.252880,-122.444290
California,Hayward,37.668820,-122.080800
Washington,Everett,47.978980,-122.202080
Washington,Spokane,47.659660,-117.429080
Washington,Olympia,47.037870,-122.900700
Washington,Tri Cities,46.245400,-119.196170
Washington,Bellingham,48.759550,-122.488220
Washington,Yakima,46.602070,-120.505900
Washington,Wenatchee,47.423460,-120.310350
Washington,Moses Lake,47.130140,-119.278080
Washington,Pullman,46.731270,-117.179620
Washington,Perth,46.595700,-118.228850
California,Sunnyvale,37.368830,-122.036350
Washington,Kennewick,46.211250,-119.137230
Washington,Seattle Tacoma,47.606210,-122.332070
Washington,Mt Vernon,48.421220,-122.334050
Washington,Tricities,46.245400,-119.196170
Washington,Spokane Valley,47.673230,-117.239370
Washington,Richland,46.285690,-119.284460
Washington,Moseslake,47.130140,-119.278080
Washington,Bellevue,47.610380,-122.200680
Washington,Kirkland,47.681490,-122.208740
Washington,Mount Vernon,48.421220,-122.334050
California,Mount Shasta,41.310240,-122.312250
Washington,Federal Way,47.322320,-122.312620
Washington,Lynnwood,47.820930,-122.315130
Washington,Mountlake Terrace,47.788150,-122.308740
Washington,Renton,47.482880,-122.217070
Washington,Seattle And Surrounding,47.606210,-122.332070
Washington,Tacoma Parkland,47.155380,-122.434010
Washington,Vancouver,45.638730,-122.661490
Washington,Bunbury,46.462080,-118.630270
Washington,Kitsap,47.582870,-122.708480
Washington,Burien,47.470380,-122.346790
California,Canyon Country,34.423330,-118.472030
Washington,Puyallup,47.185380,-122.292900
Washington,Kent,47.380930,-122.234840
Washington,Lacey,47.034260,-122.823190
California,Inland Empire,37.638260,-120.902150
California,Milpitas,37.428270,-121.906620
Massachusetts,Boston,42.358430,-71.059770
Massachusetts,South Coast,42.237040,-70.986990
California,Walnut Creek,37.906310,-122.064960
Massachusetts,Worcester,42.262590,-71.802290
Massachusetts,Springfield,42.101480,-72.589810
Massachusetts,Cape Cod,42.397320,-71.228110
Massachusetts,New Bedford,41.636220,-70.934210
Massachusetts,Southcoast,42.095930,-72.582870
Massachusetts,Capecod,42.397320,-71.228110
Massachusetts,Western Ma,42.300090,-71.828680
Massachusetts,Portland,42.369540,-71.948130
Massachusetts,Cambridge,42.375100,-71.105610
Massachusetts,Bangor,42.322310,-72.663420
California,Salinas,36.677740,-121.655500
Massachusetts,West Farmington,42.185370,-72.777320
Massachusetts,Boston And Surrounding Areas,42.358430,-71.059770
Massachusetts,Boston Burlington And Braintree,42.504820,-71.195610
Massachusetts,Burlington,42.504820,-71.195610
Massachusetts,Indian Orchard,42.158430,-72.499530
Massachusetts,Malden,42.425100,-71.066160
Massachusetts,North Of Boston,42.358430,-71.059770
Massachusetts,Revere,42.408430,-71.011990
Massachusetts,West Springfield,42.107040,-72.620370
Massachusetts,Westborough,42.269540,-71.616180
California,Anaheim,33.835290,-117.914500
Massachusetts,Chicopee,42.148700,-72.607870
Massachusetts,Quincy,42.252880,-71.002270
Massachusetts,Lowell,42.633420,-71.316170
Massachusetts,North Oxford,42.150090,-71.868410
Massachusetts,Methuen,42.726200,-71.190890
Colorado,Denver,39.739150,-104.984700
Colorado,Colorado Springs,38.833880,-104.821360
Colorado,Fort Collins,40.585260,-105.084420
Colorado,Boulder,40.014990,-105.270550
California,San Leandro,37.724930,-122.156080
Colorado,Pueblo,38.254450,-104.609140
Colorado,West Slope,37.132800,-104.848880
Colorado,Rockies,39.860820,-105.247490
Colorado,Coloradosprings,38.833880,-104.821360
Colorado,Grand Junction,39.063870,-108.550650
Colorado,Fortcollins,40.585260,-105.084420
Colorado,Breckenridge,39.481650,-106.038350
Colorado,Western Slope,39.832210,-104.997200
Colorado,Westslope,37.132800,-104.848880
Colorado,Arvada,39.802760,-105.087480
California,Rohnert Park,38.339640,-122.701100
Colorado,Copenhagen,39.663880,-102.851040
Colorado,Corona Del Mar,39.728890,-104.857500
Colorado,Cascade,37.603330,-107.762560
Colorado,Aurora,39.729430,-104.831920
Colorado,Greeley,40.423310,-104.709130
Colorado,Denver Cherry Creek,39.634550,-104.882860
Colorado,Westminster,39.836650,-105.037200
Colorado,Applewood,39.757780,-105.162500
Colorado,Arapahoe,38.850010,-102.182130
Colorado,Dallas,38.183320,-107.744780
California,Richmond,37.935760,-122.347750
Colorado,Federal Heights,39.851370,-104.998590
Colorado,Thornton,39.868040,-104.971920
Colorado,Wheatridge,39.766100,-105.077210
Colorado,Eastern Co,37.028630,-105.650850
Colorado,Englewood,39.647770,-104.987760
Colorado,High Rockies,39.860820,-105.247490
Colorado,Castle Rock,39.372210,-104.856090
Colorado,Littleton,39.613320,-105.016650
Colorado,Manitou Springs,38.859710,-104.917200
Colorado,Wheat Ridge,39.766100,-105.077210
California,Emeryville,37.831320,-122.285250
Virginia,Richmond,37.553760,-77.460260
Virginia,Norfolk,36.846810,-76.285220
Virginia,Virginia Beach,36.852930,-75.977990
Virginia,Northern Virginia,38.063190,-78.495570
Virginia,Chesapeake,36.819040,-76.274940
Virginia,Hampton,37.029870,-76.345220
Virginia,Newport News,36.978760,-76.428000
Virginia,Fredericksburg,38.303180,-77.460540
Virginia,Roanoke,37.270970,-79.941430
California,Monterey Park,34.062510,-118.122850
Virginia,Charlottesville,38.029310,-78.476680
Virginia,Portsmouth,36.835430,-76.298270
Virginia,Lynchburg,37.413750,-79.142250
Virginia,Harrisonburg,38.449570,-78.868920
Virginia,Danville,36.585970,-79.395020
Virginia,Suffolk,36.728210,-76.583560
Virginia,Virginiabeach,36.852930,-75.977990
Virginia,New River Valley,37.133460,-80.591450
Virginia,Southwest Virginia,38.713450,-77.105530
Virginia,Newportnews,36.978760,-76.428000
California,Daly City,37.705770,-122.461920
Virginia,Blacksburg,37.818740,-79.319200
Virginia,Hampton Roads,37.029870,-76.345220
Virginia,Arlington,38.881010,-77.104280
Virginia,Burlington,37.349300,-79.973370
Virginia,Swva,36.805680,-80.720350
Virginia,Southwest Va,38.713450,-77.105530
Virginia,Fairfax,38.846220,-77.306370
Virginia,Va Beach,36.852930,-75.977990
Virginia,Dublin,37.105680,-80.685340
Virginia,Fredericksburg Va,38.303180,-77.460540
California,Long Beach,33.766960,-118.189230
California,Costa Mesa,33.641130,-117.918670
Virginia,Chantilly,38.894280,-77.431100
Virginia,Chantilly Dulles,38.894280,-77.431100
Virginia,Northern Virginia Tyson Amp 039 S Corner,38.918720,-77.231090
Virginia,Tacoma,36.937880,-82.534040
Virginia,Winchester,39.185660,-78.163330
Virginia,Alexandria,36.771390,-76.197780
Virginia,Manassas,38.750950,-77.475270
Virginia,Sterling,39.006220,-77.428600
Virginia,Williamsburg,37.273440,-76.741480
California,San Rafael,37.973530,-122.531090
Michigan,Detroit,42.331430,-83.045750
Michigan,Grand Rapids,42.963360,-85.668090
Michigan,Lansing,42.732530,-84.555530
Michigan,Ann Arbor,42.277560,-83.740880
Michigan,Flint,43.012530,-83.687460
Michigan,Kalamazoo,42.291710,-85.587230
Michigan,Saginaw,43.419470,-83.950810
Michigan,Jackson,42.245870,-84.401350
Michigan,Battle Creek,42.321150,-85.179710
Michigan,Northern Michigan,43.248360,-84.543330
California,Moreno Valley,33.937520,-117.230590
Michigan,Monroe,41.916430,-83.397710
Michigan,Muskegon,43.234180,-86.248390
Michigan,Central Michigan,47.407140,-88.200660
Michigan,Port Huron,42.970860,-82.424910
Michigan,Southwest Michigan,42.213930,-83.193810
Michigan,Grandrapids,42.963360,-85.668090
Michigan,Upper Peninsula,41.946990,-85.935840
Michigan,Annarbor,42.277560,-83.740880
Michigan,Holland,42.787520,-86.108930
Michigan,Battlecreek,42.321150,-85.179710
California,Livermore,37.681870,-121.768010
Michigan,Milan,42.085320,-83.682440
Michigan,Northernmichigan,43.248360,-84.543330
Michigan,Central Mi,47.407140,-88.200660
Michigan,Traverse City,44.763060,-85.620630
Michigan,Centralmichigan,47.407140,-88.200660
Michigan,Dearborn,42.322260,-83.176310
Michigan,Northern Mi,43.248360,-84.543330
Michigan,Monroe Mi,41.916430,-83.397710
Michigan,Southwestmichigan,42.213930,-83.193810
Michigan,Syracuse,44.652240,-84.129730
California,Cathedral City,33.779740,-116.465290
Michigan,Porthuron,42.970860,-82.424910
Michigan,Southfield,42.473370,-83.221870
Michigan,Warren,42.477540,-83.027700
Michigan,Farmington Hills,42.485310,-83.377160
Michigan,Clinton Township,42.071990,-83.971610
Michigan,Madison Heights,42.485870,-83.105200
Michigan,Metro Detroit,42.331430,-83.045750
Michigan,Roseville,42.497260,-82.937140
Michigan,Suburbs Only,42.006160,-84.189940
Michigan,Westland,42.324200,-83.400210
California,Ontario,34.063340,-117.650890
Michigan,Southgate,42.213930,-83.193810
Michigan,Taylor,42.240870,-83.269650
Michigan,Novi,42.480590,-83.475490
Michigan,Bangor,42.312540,-86.113080
Michigan,Bay City,43.594470,-83.888860
Michigan,Beaverton,43.882250,-84.484730
Michigan,Canton,42.308650,-83.482160
Michigan,Commerce,42.591140,-83.490770
Michigan,Dowagiac,41.984210,-86.108620
Michigan,Eastside,43.113920,-84.088300
California,Rancho Cordova,38.589070,-121.302730
Michigan,Harrison Twp,44.019190,-84.799470
Michigan,Livonia,42.368370,-83.352710
Michigan,Ludington,43.955280,-86.452580
Michigan,Mt Pleasant,42.457250,-86.247250
Michigan,Redford,42.383370,-83.296600
Michigan,Saginaw Bay City Midland,43.594470,-83.888860
Michigan,Shelby Township,42.670870,-83.032980
Michigan,Shelby Twp,42.670870,-83.032980
Michigan,Spring Lake,43.076960,-86.197000
Michigan,Sterling Heights,42.580310,-83.030200
California,Vacaville,38.356580,-121.987740
Michigan,Troy,43.743070,-86.019230
Michigan,Waterford,42.693030,-83.411810
Michigan,West Suburbs,41.770330,-84.097720
Michigan,White Lake,42.691700,-83.554110
Michigan,Venezia Mestre Vicenza Padova,46.324670,-87.157920
Michigan,Midland,43.615580,-84.247210
Michigan,Auburn Hills Waterford,42.687530,-83.234100
Michigan,Chesterfield,42.662810,-82.842420
Michigan,Dearborn Heights,42.336980,-83.273260
Michigan,Detriot,42.331430,-83.045750
California,Lancaster,34.698040,-118.136740
Michigan,Rochester,42.680590,-83.133820
Tennessee,Memphis,35.149530,-90.048980
Tennessee,Nashville,36.165890,-86.784440
Tennessee,Chattanooga,35.045630,-85.309680
Tennessee,Knoxville,35.960640,-83.920740
Tennessee,Tri Cities,36.517360,-82.354890
Tennessee,Upstate,35.957290,-88.463110
Tennessee,Clarksville,36.529770,-87.359450
Tennessee,Cookeville,36.162840,-85.501640
California,Redwood City,37.485220,-122.236350
Tennessee,Murfreesboro,35.845620,-86.390270
Tennessee,Jackson Tn,35.614520,-88.813950
Tennessee,Franklin,35.925060,-86.868890
Tennessee,Nashville Clarksville,36.529770,-87.359450
Tennessee,Nashville Clarksville Knoxville,36.529770,-87.359450
Tennessee,Nashville Lexington,35.650900,-88.393380
Tennessee,Nashville Murfreesboro,35.845620,-86.390270
Tennessee,Shelbyville,35.483410,-86.460270
Tennessee,Smyrna,35.956450,-88.331710
Tennessee,St Louis,36.370890,-87.399180
Ontario,Barrie,40.759500,-82.590170
Ontario,Thunderbay,40.759500,-82.590170
Ontario,Sault St Marie,40.759500,-82.590170
Ontario,Sudbury,40.759500,-82.590170
Ontario,Hamilton,39.399500,-84.561340
Ontario,Thunder Bay,40.759500,-82.590170
Ontario,Brantford,40.759500,-82.590170
Ontario,Niagara,43.094500,-79.056710
Ontario,Ottawa,42.035820,-93.681610
Ontario,Toronto,40.464230,-80.600910
Ontario,Sault,40.759500,-82.590170
Ontario,London,40.910330,-82.629340
Ontario,Belleville,40.620060,-82.510720
Ontario,Owen Sound,40.759500,-82.590170
Ontario,Kitchener,38.869800,-82.542660
Ontario,Chatham,40.157560,-82.453490
Ontario,Peterborough,40.759500,-82.590170
Ontario,Guelph,40.759500,-82.590170
Ontario,Kingston,39.473950,-82.910730
Alberta,Calgary,32.232090,-87.410000
District Of Columbia,Washington Dc,47.563990,-122.275400
District Of Columbia,Southern Maryland,39.240380,-76.839420
District Of Columbia,Northern Virginia,37.752920,-78.162500